abandonar;1;0;0;1;1;0
abeja;1;0;0;1;1;0
abortar;1;0;0;1;1;0
abrasador;1;0;0;1;1;0
abrazar;0;1;0;1;0;1
abrumar;1;0;0;1;1;0
absurdo;1;0;1;0;1;0
abundancia;0;1;0;1;0;1
aburrir;1;0;1;0;1;0
accidentar;1;0;0;1;1;0
ácido;1;0;0;1;1;0
acogedor;0;1;1;0;0;1
acontecimiento;0;1;0;1;0;1
acre;1;0;1;0;1;0
activar;0;1;0;1;0;1
acuerdo;0;1;1;0;0;1
acurrucar;0;1;1;0;0;1
adicto;1;0;0;1;1;0
adinerado;0;1;0;1;0;1
admirar;0;1;0;1;0;1
adorable;0;1;0;1;0;1
adulto;0;1;1;0;0;1
afectar;1;0;0;1;1;0
afianzar;0;1;0;1;0;1
afligir;1;0;1;0;1;0
afortunar;0;1;0;1;0;1
agilidad;0;1;0;1;0;1
agobiar;1;0;0;1;1;0
agonía;1;0;0;1;1;0
agradecer;0;1;0;1;0;1
agresión;1;0;0;1;1;0
agresivo;1;0;0;1;1;0
aguar;0;1;1;0;0;1
aguanieve;0;1;1;0;1;0
aguja;1;0;0;1;1;0
ahogar;1;0;0;1;1;0
ahorrar;0;1;1;0;0;1
aire;0;1;1;0;1;0
alba;0;1;1;0;1;0
alcohólico;1;0;0;1;1;0
alegrar;0;1;0;1;0;1
alergia;1;0;0;1;1;0
alertar;1;0;0;1;1;0
almohada;0;1;1;0;0;1
amabilidad;0;1;0;1;0;1
amable;0;1;1;0;0;1
amar;0;1;0;1;0;1
amanecer;0;1;1;0;1;0
amarillar;0;1;1;0;0;1
ambición;0;1;0;1;0;1
ambulancia;1;0;0;1;1;0
amenazar;1;0;0;1;1;0
amigable;0;1;0;1;0;1
amigo;0;1;0;1;0;1
amor;0;1;0;1;1;0
ampollar;1;0;1;0;1;0
ángel;0;1;1;0;1;0
angustiar;1;0;0;1;1;0
anhelar;1;0;0;1;1;0
ánimo;0;1;0;1;0;1
ansioso;1;0;0;1;1;0
aplastar;1;0;0;1;1;0
aplauso;0;1;0;1;0;1
aprender;0;1;0;1;0;1
aprobación;0;1;0;1;0;1
apuro;1;0;0;1;1;0
arañar;1;0;0;1;1;0
árbol;0;1;1;0;0;1
arco-iris;0;1;1;0;1;0
armar;1;0;0;1;1;0
armario;0;1;1;0;0;1
arrepentido;1;0;0;1;1;0
arrogante;1;0;0;1;1;0
arte;0;1;0;1;1;0
as;0;1;0;1;0;1
ascensor;1;0;1;0;1;0
asediar;1;0;0;1;1;0
asesinar;1;0;0;1;1;0
asfixiar;1;0;0;1;1;0
asentar;0;1;1;0;0;1
asombrar;0;1;0;1;1;0
áspero;1;0;1;0;1;0
asquear;1;0;0;1;1;0
asqueroso;1;0;0;1;1;0
astronauta;0;1;0;1;1;0
asustar;1;0;0;1;1;0
ataúd;1;0;0;1;1;0
aterrorizar;1;0;0;1;1;0
ático;0;1;0;0;1;0
atracador;1;0;0;1;1;0
atrever;0;1;0;1;0;1
atrocidad;1;0;0;1;1;0
aurora;0;1;1;0;1;0
autobús;1;0;0;0;1;0
avalancha;1;0;0;1;1;0
avaricia;1;0;0;1;1;0
avenir;1;0;0;1;1;0
aventurar;0;1;0;1;0;1
avergonzar;1;0;0;1;1;0
avión;0;1;0;1;1;0
avispar;1;0;0;1;1;0
azúcar;0;1;0;1;0;1
azul;0;1;1;0;0;1
bailarín;0;1;0;1;0;1
balar;1;0;0;1;1;0
bancarrota;1;0;0;1;1;0
banco;0;1;1;0;0;1
bandera;1;0;1;0;0;1
bañera;0;1;1;0;0;1
bañar;0;1;1;0;0;1
bar;0;1;0;1;0;1
barco;0;1;0;1;0;1
barril;1;0;1;0;1;0
bastardo;1;0;0;1;1;0
bastar;1;0;1;0;1;0
bastón;1;0;1;0;0;1
basura;1;0;1;0;1;0
bebé;0;1;0;1;0;1
beber;0;1;0;1;0;1
belleza;0;1;0;1;0;1
bendecir;0;1;1;0;1;0
besar;0;1;0;1;0;1
bestia;1;0;0;1;1;0
blanco;0;1;1;0;0;1
blasfemia;1;0;0;1;1;0
boda;0;1;0;1;0;1
bodega;0;1;1;0;0;1
bofetada;1;0;0;1;1;0
bomba;1;0;0;1;1;0
bombilla;0;1;1;0;0;1
botella;0;1;1;0;0;1
boxeador;1;0;0;1;1;0
brazo;0;1;1;0;0;1
brillante;0;1;0;1;0;1
brío;0;1;0;1;0;1
brisa;0;1;1;0;1;0
brutal;1;0;0;1;1;0
buceador;0;1;0;1;1;0
bueno;0;1;1;0;0;1
buhar;0;1;1;0;1;0
bulto;1;0;0;1;1;0
burlar;1;0;0;1;1;0
caballo;0;1;0;1;1;0
cable;1;0;1;0;0;1
cachorro;0;1;0;1;0;1
cadáver;1;0;0;1;1;0
caer;1;0;0;1;1;0
calidad;0;1;0;1;0;1
callar;1;0;1;0;1;0
calle;0;1;0;1;0;1
callejón;1;0;0;1;1;0
calmar;0;1;1;0;0;1
calor;0;1;0;1;1;0
cama;0;1;1;0;0;1
camión;1;0;1;0;1;0
campeón;0;1;0;1;0;1
campar;0;1;1;0;0;1
cáncer;1;0;0;1;1;0
canción;0;1;0;1;0;1
cansar;1;0;1;0;1;0
cañón;1;0;0;1;1;0
caos;1;0;0;1;1;0
capaz;0;1;0;1;0;1
capricho;0;1;0;1;0;1
cara;0;1;0;1;0;1
caramelo;0;1;1;0;0;1
cárcel;1;0;0;1;1;0
caricia;0;1;0;1;0;1
cariñoso;0;1;0;1;0;1
carretera;0;0;0;1;1;0
carro;1;0;1;0;0;1
carroñar;1;0;0;1;1;0
carta;0;1;0;1;0;1
casar;0;1;1;0;0;1
cascar;0;1;0;1;1;0
casino;1;0;1;0;1;0
casa;0;1;1;0;0;1
castigar;1;0;0;1;1;0
celo;1;0;0;1;1;0
célula;1;0;1;0;1;0
cementerio;1;0;0;1;1;0
cenar;0;1;0;1;0;1
cerdo;1;0;1;0;1;0
césped;0;1;1;0;0;1
cesta;0;1;1;0;0;1
chaleco;1;0;1;0;0;1
champiñón;1;0;1;0;0;1
chantaje;1;0;0;1;1;0
chico;0;1;1;0;0;1
chiflar;1;0;0;1;1;0
chillido;1;0;0;1;1;0
chistar;0;1;0;1;0;1
chocolate;0;1;0;1;0;1
chocar;1;0;0;1;1;0
cicatriz;1;0;0;1;1;0
ciclón;1;0;0;1;1;0
cegar;1;0;0;1;1;0
cielo;0;1;1;0;1;0
ciempiés;1;0;1;0;1;0
cieno;1;0;1;0;1;0
circo;0;1;0;1;1;0
círculo;1;0;1;0;1;0
cirugía;1;0;0;1;1;0
ciudad;0;1;0;1;1;0
cobarde;1;0;0;1;1;0
coche;0;1;0;1;1;0
cocinar;0;1;1;0;0;1
cocinero;0;1;0;1;0;1
codo;1;0;1;0;0;1
coitar;0;1;0;1;0;1
cólera;1;0;0;1;1;0
color;0;1;0;1;0;1
columna;1;0;1;0;0;1
comediar;0;1;0;1;0;1
comer;0;1;0;1;0;1
comedir;0;1;0;1;0;1
comprometer;0;1;0;1;0;1
concentrar;0;1;0;1;0;1
conejo;0;1;0;1;1;0
confianza;0;1;0;1;0;1
confort;0;1;1;0;0;1
confuso;1;0;0;1;1;0
conocimiento;0;1;0;1;0;1
considerar;0;1;1;0;0;1
consignar;1;0;1;0;1;0
consolar;0;1;1;0;0;1
contaminar;1;0;0;1;1;0
contener;0;1;1;0;1;0
contexto;0;0;1;0;0;1
convencer;0;1;0;1;0;1
coqueto;0;1;0;1;0;1
corazón;0;1;0;1;1;0
corchar;1;0;1;0;0;1
cordero;0;1;1;0;0;1
coronar;0;1;1;0;1;0
corredor;1;0;0;1;1;0
correo;0;1;0;1;1;0
corrupto;1;0;0;1;1;0
cortar;1;0;0;1;1;0
cortesía;0;1;1;0;0;1
cortina;1;0;1;0;0;1
costa;0;1;1;0;1;0
costumbre;0;1;1;0;0;1
cotillear;1;0;0;1;1;0
cráneo;1;0;1;0;1;0
crepar;0;1;0;1;0;1
crepúsculo;0;1;1;0;1;0
criatura;0;1;0;1;1;0
crimen;1;0;0;1;1;0
criminal;1;0;0;1;1;0
crisis;1;0;0;1;1;0
crucificar;1;0;0;1;1;0
cruel;1;0;0;1;1;0
cuadrar;1;0;1;0;0;1
cucaracha;1;0;0;1;1;0
cuchillo;1;0;0;1;1;0
cuenco;0;1;1;0;0;1
cuerpo;0;1;0;1;0;1
culpar;1;0;0;1;1;0
culpable;1;0;0;1;1;0
cumpleaños;0;1;0;1;0;1
curar;0;1;0;1;0;1
curioso;0;1;0;1;0;1
daga;1;0;0;1;1;0
dañar;1;0;0;1;1;0
débil;1;0;1;0;1;0
decepcionar;1;0;0;1;1;0
decorar;0;1;0;1;0;1
dedicar;0;1;0;1;0;1
dedo;1;0;1;0;0;1
defender;0;1;0;1;1;0
deformar;1;0;0;1;1;0
deleitar;0;1;0;1;0;1
delicado;0;1;1;0;0;1
dementar;1;0;0;1;1;0
demonio;1;0;0;1;1;0
dentista;1;0;0;1;1;0
deporte;0;1;0;1;0;1
depresión;1;0;1;0;1;0
deprimir;1;0;1;0;1;0
desagradar;1;0;0;1;1;0
desanimar;1;0;1;0;1;0
desastre;1;0;0;1;1;0
descansar;0;1;1;0;0;1
descomposición;1;0;1;0;1;0
desdén;1;0;0;0;1;0
desdeñoso;1;0;1;0;1;0
desenfadar;0;1;0;1;0;1
desear;0;1;0;1;0;1
desertor;1;0;0;1;1;0
desesperar;1;0;0;1;1;0
desleal;1;0;0;1;1;0
deslumbramiento;1;0;0;1;1;0
desnudar;0;1;0;1;0;1
desordenar;1;0;0;1;1;0
despedazar;1;0;0;1;1;0
desperdiciar;1;0;1;0;1;0
despreciar;1;0;0;1;1;0
despreocupado;0;1;1;0;1;0
destrucción;1;0;0;1;1;0
destruir;1;0;0;1;1;0
desventaja;1;0;0;1;1;0
desvestir;0;1;0;1;1;0
detallar;0;1;0;1;0;1
detestar;1;0;0;1;1;0
deuda;1;0;0;1;1;0
devoto;1;0;1;0;1;0
diablo;1;0;0;1;1;0
diamante;0;1;1;0;1;0
decir;0;1;0;1;0;1
dificultar;1;0;0;1;1;0
digno;0;1;1;0;0;1
dinero;0;1;0;1;0;1
dios;0;1;1;0;1;0
diplomar;0;1;0;1;0;1
disgustar;1;0;0;1;1;0
distante;1;0;1;0;1;0
disturbiar;1;0;0;1;1;0
diversión;0;1;0;1;0;1
divorciar;1;0;0;1;1;0
doctor;1;0;0;1;1;0
dólar;0;1;0;1;1;0
dolencia;1;0;0;1;1;0
dolor;1;0;0;1;1;0
dormir;0;1;1;0;0;1
durar;1;0;0;1;1;0
edificio;1;0;1;0;0;1
educación;0;1;0;1;0;1
efectivar;0;1;0;1;0;1
egoísta;1;0;0;1;1;0
ejecución;1;0;0;1;1;0
ejercicio;0;1;0;1;0;1
ejército;1;0;0;1;1;0
electrodoméstico;0;1;1;0;0;1
elegante;0;1;0;1;0;1
emplear;0;1;0;1;0;1
enamorar;0;1;0;1;1;0
encantar;0;1;0;1;0;1
enérgico;0;1;0;1;0;1
enfadar;1;0;0;1;1;0
enfermedad;1;0;0;1;1;0
enfermero;1;0;0;1;1;0
enfermar;1;0;1;0;1;0
enfurecer;1;0;0;1;1;0
engañar;1;0;0;1;1;0
engreír;1;0;0;1;1;0
ensalada;0;1;1;0;0;1
enterrar;1;0;0;1;1;0
entrometer;1;0;0;1;1;0
entusiasmar;0;1;0;1;0;1
erótico;0;1;0;1;0;1
error;1;0;0;1;1;0
erudito;0;1;1;0;0;1
escandir;1;0;0;1;1;0
escéptico;1;0;1;0;1;0
esclavo;1;0;0;1;1;0
esconder;1;0;0;1;1;0
escopeta;1;0;0;1;1;0
escorbuto;1;0;0;1;1;0
escoriar;1;0;0;1;1;0
escorpión;1;0;0;1;1;0
escritor;0;1;1;0;0;1
esfera;0;1;1;0;1;0
espaciar;0;1;0;1;1;0
espantoso;1;0;0;1;1;0
esperanzar;0;1;0;1;0;1
espina;1;0;0;1;1;0
espíritu;0;1;1;0;1;0
esposa;0;1;1;0;0;1
esposo;0;1;0;1;0;1
espumar;0;1;1;0;0;1
esquinar;1;0;1;0;1;0
estancar;1;0;1;0;1;0
estatua;0;1;1;0;1;0
estiércol;1;0;1;0;1;0
estómago;1;0;1;0;1;0
estrellar;0;1;1;0;1;0
estremecer;1;0;0;1;1;0
estrés;1;0;0;1;1;0
estufar;0;1;1;0;0;1
estúpido;1;0;0;1;1;0
eufórico;0;1;0;1;1;0
excelencia;0;1;0;1;0;1
excitar;0;1;0;1;1;0
excusar;1;0;0;1;0;1
éxito;0;1;0;1;0;1
exquisito;0;1;0;1;0;1
éxtasis;1;0;0;1;1;0
exterior;0;1;0;1;1;0
extraordinario;0;1;0;1;0;1
extraterrestre;1;0;0;1;1;0
fácil;0;1;1;0;0;1
falsar;1;0;0;1;1;0
fama;0;1;0;1;1;0
famélico;1;0;0;1;1;0
familia;0;1;0;1;0;1
famoso;0;1;0;1;1;0
fantasía;0;1;0;1;0;1
faro;0;1;1;0;1;0
farol;1;0;1;0;0;1
fascinar;0;1;0;1;0;1
fase;1;0;1;0;1;0
fastidiar;1;0;0;1;1;0
fatigar;1;0;1;0;1;0
favor;0;1;0;1;0;1
feliz;0;1;0;1;0;1
feo;1;0;1;0;1;0
festivo;0;1;0;1;0;1
fétido;1;0;0;1;1;0
fiebre;1;0;1;0;1;0
fiesta;0;1;0;1;0;1
firmamento;0;1;1;0;1;0
flemón;1;0;0;1;1;0
flexible;0;1;1;0;0;1
flor;0;1;1;0;0;1
florecer;0;1;0;1;1;0
fofo;1;0;1;0;1;0
folleto;1;0;1;0;0;1
follón;1;0;0;1;1;0
fortuito;0;1;0;1;1;0
fracasar;1;0;0;1;1;0
fragancia;0;1;0;1;0;1
fraude;1;0;0;1;1;0
freír;1;0;1;0;1;0
frustrar;1;0;0;1;1;0
fuego;0;0;0;1;1;0
fuerte;0;1;0;1;0;1
funeral;1;0;0;1;1;0
furcia;1;0;1;0;1;0
fusil;1;0;0;1;1;0
ganancia;0;1;0;1;0;1
ganar;0;1;0;1;0;1
gangrenar;1;0;0;1;1;0
gato;0;1;1;0;0;1
gélido;1;0;1;0;1;0
género;1;0;1;0;1;0
generoso;0;1;0;1;0;1
genial;0;1;0;1;0;1
gente;0;1;0;1;1;0
germen;1;0;0;1;1;0
gimnasta;0;1;0;1;0;1
glaciar;0;1;0;1;1;0
glamour;0;1;0;1;0;1
gloriar;0;1;0;1;0;1
gozar;0;1;0;1;0;1
golfista;1;0;1;0;0;1
golpe;1;0;0;1;1;0
gordo;1;0;1;0;1;0
graduar;0;1;0;1;0;1
granar;1;0;0;1;1;0
granja;0;1;1;0;0;1
gravar;1;0;0;1;1;0
gritar;1;0;0;1;1;0
grosero;1;0;0;1;1;0
guapo;0;1;0;1;0;1
guardería;0;1;0;1;1;0
guerra;1;0;0;1;1;0
guillotinar;1;0;0;1;1;0
guiñar;0;1;0;1;0;1
gusano;1;0;0;1;1;0
habitante;0;1;1;0;0;1
hábito;1;0;1;0;0;1
halcón;0;1;0;1;1;0
hambriento;1;0;0;1;1;0
hamburguesa;0;1;1;0;0;1
hartar;1;0;0;1;1;0
hastiar;1;0;1;0;1;0
hedor;1;0;0;1;1;0
heno;0;0;1;0;0;1
herir;1;0;0;1;1;0
hermanar;0;1;0;1;0;1
hermoso;0;1;0;1;0;1
heroína;1;0;0;1;1;0
herramienta;1;0;1;0;0;1
hervir;1;0;1;0;0;1
herrar;1;0;1;0;1;0
historiar;0;1;1;0;1;0
hogar;0;1;0;1;0;1
hombre;0;1;0;1;0;1
homicida;1;0;0;1;1;0
honesto;0;1;0;1;0;1
hongo;1;0;1;0;1;0
honor;0;1;0;1;0;1
hornear;0;1;1;0;0;1
horquillar;0;1;1;0;0;1
horror;1;0;0;1;1;0
hospital;1;0;0;1;1;0
hostil;1;0;0;1;1;0
hotel;0;1;0;1;0;1
huevar;0;1;1;0;0;1
humanar;0;1;0;1;0;1
humilde;0;1;1;0;0;1
humillar;1;0;0;1;1;0
humor;0;1;0;1;0;1
huracán;1;0;0;1;1;0
idear;0;1;0;1;0;1
identidad;0;1;0;1;0;1
idiota;1;0;0;1;1;0
ídolo;0;1;0;1;1;0
iglesia;1;0;1;0;1;0
ignorancia;1;0;0;1;1;0
imaginar;0;1;0;1;0;1
imparcial;1;0;1;0;1;0
impotente;1;0;0;1;1;0
impresionar;0;1;0;1;1;0
incentivar;0;1;0;1;0;1
incomodidad;1;0;0;1;1;0
incordiar;1;0;0;1;1;0
indefenso;1;0;0;1;1;0
indiferente;1;0;1;0;1;0
industriar;1;0;1;0;1;0
infección;1;0;0;1;1;0
infeliz;1;0;1;0;1;0
inferior;1;0;1;0;1;0
infiel;1;0;0;1;1;0
infernar;1;0;0;1;1;0
ingeniar;0;1;0;1;0;1
inmaduro;1;0;0;1;1;0
inmoral;1;0;0;1;1;0
inocente;0;1;1;0;0;1
inquietar;1;0;0;1;1;0
insecto;1;0;0;1;1;0
inseguro;1;0;0;1;1;0
insolente;1;0;0;1;1;0
inspirar;0;1;0;1;0;1
insultar;1;0;0;1;1;0
intelecto;0;1;0;1;0;1
interés;0;1;0;1;0;1
íntimo;0;1;0;1;0;1
intruso;1;0;0;1;1;0
inundación;1;0;0;1;1;0
inútil;1;0;0;1;1;0
invasor;1;0;0;1;1;0
invertir;0;1;0;1;0;1
invitación;0;1;0;1;0;1
irritar;1;0;0;1;1;0
jaqueca;1;0;1;0;1;0
jardín;0;1;1;0;0;1
jarra;1;0;1;0;0;1
joven;0;1;0;1;1;0
jovial;0;1;0;1;0;1
joya;0;1;0;1;0;1
júbilo;0;1;0;1;0;1
jubiloso;0;1;0;1;0;1
jugar;0;1;0;1;0;1
juguete;0;1;0;1;0;1
justicia;0;1;0;1;1;0
juventud;0;1;0;1;1;0
ketchup;1;0;1;0;0;1
ladrón;1;0;0;1;1;0
lago;0;1;1;0;0;1
lámpara;0;1;1;0;0;1
lánguido;1;0;1;0;1;0
lápiz;1;0;1;0;0;1
lástima;1;0;0;1;1;0
lavabo;1;0;1;0;0;1
leal;0;1;1;0;0;1
lechar;0;1;1;0;0;1
lento;1;0;1;0;1;0
león;1;0;0;1;1;0
lepra;1;0;0;1;1;0
lesbiana;0;1;1;0;1;0
lesión;1;0;0;1;1;0
leyenda;0;1;0;1;1;0
liberación;0;1;0;1;0;1
libertar;0;1;0;1;0;1
librar;0;1;0;1;0;1
libro;0;1;0;1;0;1
licenciar;0;1;0;1;0;1
líder;0;1;0;1;0;1
ligar;0;1;0;1;1;0
linterna;0;1;1;0;0;1
liso;0;1;1;0;0;1
litro;0;1;1;0;0;1
llano;0;1;1;0;1;0
llave;0;1;1;0;0;1
lloriquear;1;0;0;1;1;0
lluvia;1;0;1;0;1;0
lóbrego;1;0;0;1;1;0
loco;1;0;0;1;1;0
lograr;0;1;0;1;0;1
lotería;0;1;0;1;1;0
luchar;1;0;0;1;1;0
lujar;0;1;0;1;1;0
lujuriar;0;1;0;1;1;0
madre;0;1;0;1;0;1
maestro;0;1;1;0;1;0
magdalena;0;1;1;0;0;1
mágico;0;1;0;1;1;0
magistral;0;1;0;1;0;1
malaria;1;0;0;1;1;0
maleducar;1;0;0;1;1;0
maletero;1;0;1;0;1;0
maliciar;1;0;0;1;1;0
maltratar;1;0;0;1;1;0
malvado;1;0;0;1;1;0
manera;0;0;1;0;1;0
manguera;0;1;1;0;0;1
maníaco;1;0;0;1;1;0
maniquí;1;0;1;0;1;0
manar;0;1;0;1;0;1
manosear;1;0;0;1;0;1
manso;0;1;1;0;0;1
mantequilla;0;1;1;0;0;1
máquina;1;0;1;0;0;1
maquinilla;1;0;1;0;0;1
maravillar;0;1;0;1;0;1
marear;1;0;0;1;1;0
mariposa;0;1;1;0;0;1
mariquita;0;1;1;0;0;1
martillar;1;0;1;0;0;1
masacrar;1;0;0;1;1;0
mascota;0;1;0;1;0;1
masturbar;0;1;0;1;0;1
matanza;1;0;0;1;1;0
material;0;1;1;0;0;1
medicinar;0;1;0;1;1;0
mejorar;0;1;0;1;0;1
melodía;0;1;0;1;0;1
memoria;0;1;0;1;0;1
mendigar;1;0;0;1;1;0
menospreciar;1;0;0;1;1;0
mente;0;1;0;1;0;1
mentira;1;0;0;1;1;0
mentón;1;0;1;0;1;0
mercar;0;1;1;0;0;1
mermelada;0;1;1;0;0;1
mes;0;1;1;0;1;0
mesar;1;0;1;0;0;1
metal;1;0;1;0;1;0
método;0;1;1;0;1;0
miedoso;1;0;0;1;1;0
miel;0;1;1;0;0;1
milagro;0;1;0;1;1;0
millonario;0;1;0;1;1;0
miseria;1;0;0;1;1;0
místico;0;1;1;0;1;0
modesto;0;1;1;0;0;1
moho;1;0;1;0;1;0
molde;1;0;1;0;0;1
molestar;1;0;0;1;1;0
molestia;1;0;0;1;1;0
molino;0;1;1;0;1;0
momento;0;1;0;1;0;1
monedar;0;1;0;1;0;1
monja;1;0;1;0;1;0
mono;0;1;0;1;1;0
montaña;0;1;1;0;1;0
moral;0;1;0;1;0;1
morboso;1;0;0;1;1;0
morgue;1;0;0;1;1;0
mosquito;1;0;0;1;1;0
motor;1;0;1;0;1;0
movilidad;0;1;0;1;0;1
mucosidad;1;0;1;0;1;0
mueca;0;1;0;1;0;1
muerte;1;0;0;1;1;0
morir;1;0;0;1;1;0
mugre;1;0;0;1;0;1
mujer;0;1;1;0;0;1
muleta;1;0;1;0;1;0
multar;1;0;0;1;1;0
mundo;0;1;0;1;1;0
muñeca;0;1;1;0;0;1
musculoso;0;1;1;0;0;1
museo;0;1;1;0;0;1
música;0;1;0;1;0;1
mutación;1;0;0;1;1;0
mutilar;1;0;0;1;1;0
nadador;0;1;0;1;0;1
narcótico;1;0;0;1;1;0
natural;0;1;1;0;0;1
naturaleza;0;1;0;1;1;0
Navidad;0;1;0;1;0;1
néctar;0;1;1;0;0;1
negligencia;1;0;0;1;1;0
negro;1;0;1;0;1;0
nene;0;1;0;1;0;1
nervioso;1;0;0;1;1;0
neurótico;1;0;0;1;1;0
nevera;0;1;1;0;0;1
nevar;0;1;0;1;1;0
niño;0;1;0;1;0;1
nombrar;0;1;1;0;0;1
noticia;0;1;0;1;1;0
novia;0;1;0;1;0;1
novio;0;1;0;1;0;1
nube;0;1;1;0;1;0
nublar;1;0;1;0;1;0
nudo;1;0;1;0;0;1
nutrir;0;1;0;1;0;1
obedecer;1;0;0;1;1;0
obesidad;1;0;0;1;1;0
obsceno;1;0;0;1;1;0
obsequiar;0;1;0;1;0;1
obsesión;1;0;0;1;1;0
ocaso;0;1;1;0;1;0
océano;0;1;0;1;1;0
odiar;1;0;0;1;1;0
ofender;1;0;0;1;1;0
oficina;1;0;1;0;0;1
olla;1;0;1;0;0;1
opción;0;1;0;1;0;1
opinión;0;1;0;1;0;1
oportunidad;0;1;0;1;0;1
optimismo;0;1;0;1;0;1
ordenar;0;1;1;0;0;1
ordenador;0;1;0;1;0;1
orgasmo;0;1;0;1;0;1
orgullo;0;1;0;1;0;1
orgulloso;0;1;0;1;0;1
orinar;1;0;1;0;0;1
orar;0;1;0;1;0;1
orquestar;0;1;0;1;1;0
oscuro;1;0;0;1;1;0
otoñar;0;1;1;0;1;0
oxidar;1;0;1;0;1;0
paciente;1;0;1;0;1;0
padre;0;1;1;0;1;0
pájaro;0;1;1;0;1;0
palacio;0;1;0;1;0;0
paloma;0;1;1;0;0;1
pancarta;0;1;0;1;0;1
pánico;1;0;0;1;1;0
pantano;1;0;1;0;1;0
pañuelo;1;0;1;0;0;1
papel;1;0;1;0;0;1
paraguas;1;0;1;0;0;1
paraíso;0;1;0;1;0;1
parálisis;1;0;0;1;1;0
pareja;0;1;0;1;0;1
partir;1;0;1;0;0;1
pasaje;0;1;1;0;1;0
pasillo;1;0;1;0;1;0
pasión;0;1;0;1;1;0
pastar;0;1;1;0;0;1
pastel;0;1;0;1;0;1
patentar;1;0;1;0;0;1
patriota;1;0;0;1;0;1
pausar;0;1;1;0;0;1
paz;0;1;1;0;0;1
pecar;1;0;0;1;1;0
pecaminoso;1;0;0;1;1;0
película;0;1;0;1;0;1
peligrar;1;0;0;1;1;0
pellizcar;1;0;0;1;1;0
penar;1;0;1;0;1;0
pene;0;1;0;1;0;1
penoso;1;0;0;1;1;0
pensamiento;0;1;0;1;0;1
perdedor;1;0;0;1;1;0
perder;1;0;0;1;1;0
perezoso;1;0;1;0;1;0
perfección;0;1;0;1;0;1
perfumar;0;1;1;0;0;1
perro;0;1;0;1;0;1
personar;0;1;0;1;0;1
perverso;1;0;0;1;1;0
pervertir;1;0;0;1;1;0
pesadilla;1;0;0;1;1;0
pesar;1;0;0;1;1;0
pesaroso;1;0;1;0;1;0
pescar;0;1;1;0;0;1
pesimismo;1;0;1;0;1;0
peste;1;0;0;1;1;0
pezón;0;1;0;1;0;1
piar;1;0;1;0;0;1
piel;0;1;1;0;0;1
pieza;1;0;1;0;0;1
pinchazo;1;0;0;1;1;0
pintura;0;1;0;1;0;1
piojo;1;0;0;1;1;0
pirotecnia;0;1;0;1;1;0
pistola;1;0;0;1;1;0
pitón;1;0;0;1;1;0
pizza;0;1;0;1;0;1
placer;0;1;0;1;0;1
plantar;0;1;1;0;0;1
playa;0;1;0;1;0;1
pleito;1;0;0;1;1;0
pobreza;1;0;0;1;1;0
poder;0;1;0;1;0;1
poderoso;0;1;0;1;0;1
pudrir;1;0;0;1;1;0
poesía;0;1;0;1;0;1
ponzoña;1;0;1;0;1;0
porquería;1;0;0;1;0;1
póster;0;1;1;0;1;0
pradera;0;1;0;1;0;1
precipicio;1;0;0;1;1;0
predominante;1;0;0;1;1;0
prendar;0;1;1;0;0;1
presión;1;0;0;1;1;0
prestigiar;0;1;0;1;0;1
primavera;0;1;0;1;1;0
prisión;1;0;0;1;1;0
privacidad;0;1;1;0;0;1
problema;1;0;0;1;1;0
progresar;0;1;0;1;0;1
promoción;0;1;0;1;0;1
proteger;0;1;1;0;0;1
publicación;0;1;1;0;0;1
poblar;0;1;0;1;0;1
puerta;0;1;1;0;0;1
puntapié;1;0;0;1;1;0
pus;1;0;0;1;1;0
puto;1;0;0;1;1;0
putrefacto;1;0;0;1;1;0
quejar;1;0;0;1;1;0
quemadura;1;0;0;1;1;0
queroseno;1;0;0;1;1;0
rabiar;1;0;0;1;1;0
radiador;0;1;1;0;0;1
radiante;0;1;0;1;0;1
radiar;0;1;0;1;0;1
ramo;0;1;0;1;0;1
rana;1;0;1;0;1;0
ranciar;1;0;1;0;1;0
rápido;0;1;0;1;0;1
raptar;1;0;0;1;1;0
raro;1;0;1;0;1;0
rascacielos;1;0;0;1;1;0
rata;1;0;0;1;1;0
rebelde;1;0;0;1;1;0
recado;1;0;1;0;1;0
rechazar;1;0;0;1;1;0
recogedor;1;0;1;0;0;1
recompensar;0;1;0;1;0;1
reconocer;0;1;0;1;0;1
recuerdo;0;1;0;1;0;1
refrigerio;0;1;1;0;0;1
regalar;0;1;0;1;0;1
rehén;1;0;0;1;1;0
reinar;1;0;1;0;1;0
relajar;0;1;1;0;0;1
relámpago;1;0;0;1;1;0
reloj;1;0;1;0;0;1
repisar;1;0;1;0;0;1
reptil;1;0;0;1;1;0
repugnante;1;0;0;1;1;0
rescatar;0;1;0;1;1;0
resentir;1;0;0;1;1;0
reservar;1;0;1;0;0;1
respetar;0;1;1;0;0;1
respetuoso;0;1;1;0;0;1
respuesta;0;1;0;1;0;1
restaurante;0;1;0;1;0;1
retrasar;1;0;0;1;1;0
reunión;0;1;0;1;0;1
reverente;1;0;1;0;1;0
revólver;1;0;0;1;1;0
revolver;1;0;0;1;1;0
rey;1;0;1;0;1;0
rifle;1;0;0;1;1;0
rígido;1;0;1;0;1;0
reñir;1;0;0;1;1;0
reír;0;1;1;0;1;0
riqueza;0;1;0;1;0;1
risa;0;1;0;1;0;1
roca;1;0;1;0;0;1
rojo;0;1;0;1;0;1
romántico;0;1;0;1;0;1
roña;1;0;0;1;0;1
ropa;0;1;0;1;0;1
romper;1;0;0;1;1;0
rubio;0;1;1;0;1;0
ruidoso;1;0;0;1;1;0
sabio;0;1;0;1;0;1
sabor;0;1;0;1;0;1
salud;0;1;0;1;0;1
saludar;0;1;0;1;0;1
salvador;0;1;0;1;0;1
sangriento;1;0;0;1;1;0
santo;1;0;1;0;1;0
sarampión;1;0;1;0;1;0
satisfacer;0;1;0;1;0;1
secador;0;1;1;0;0;1
sedar;0;1;1;0;0;1
seguro;0;1;1;0;0;1
seno;0;1;1;0;0;1
sentimiento;0;1;0;1;1;0
seriar;1;0;1;0;1;0
serpiente;1;0;0;1;1;0
sexar;0;1;0;1;0;1
sexy;0;1;0;1;0;1
sífilis;1;0;0;1;1;0
silbato;1;0;0;1;1;0
silla;0;1;1;0;0;1
simpático;0;1;0;1;0;1
snob;1;0;0;1;1;0
sobrecoger;1;0;0;1;1;0
sobresaltar;1;0;0;1;1;0
sociable;0;1;0;1;0;1
soga;1;0;0;1;1;0
sol;0;1;0;1;0;1
solear;0;1;0;1;0;1
soledad;1;0;1;0;1;0
solemne;1;0;1;0;1;0
solitario;1;0;1;0;1;0
solo;1;0;1;0;1;0
sombra;1;0;1;0;1;0
sombrero;1;0;1;0;0;1
sonajero;0;1;1;0;0;1
sorprender;0;1;0;1;1;0
soso;1;0;1;0;0;1
sospechoso;1;0;0;1;1;0
spray;1;0;1;0;0;1
suave;0;1;1;0;0;1
suburbio;1;0;0;1;1;0
suciedad;1;0;0;1;0;1
sucio;1;0;0;1;0;1
soñar;0;1;1;0;1;0
suicidio;1;0;0;1;1;0
sustentar;0;1;1;0;0;1
tabaco;1;0;0;1;1;0
tablero;1;0;1;0;0;1
taburete;1;0;1;0;0;1
talento;0;1;0;1;0;1
tanque;1;0;0;1;1;0
tarta;0;1;0;1;0;1
taxi;1;0;1;0;1;0
tela;0;1;1;0;0;1
temeroso;1;0;0;1;1;0
temor;1;0;0;1;1;0
temperamental;1;0;0;1;1;0
tenedor;1;0;1;0;0;1
tenis;0;1;0;1;0;1
tensar;1;0;0;1;1;0
tenue;0;1;1;0;0;1
teoría;1;0;1;0;1;0
termita;1;0;0;1;1;0
termómetro;1;0;1;0;1;0
terrible;1;0;0;1;1;0
terrorista;1;0;0;1;1;0
tesoro;0;1;0;1;0;1
tiburón;1;0;0;1;1;0
tiempo;0;1;0;1;1;0
tierno;0;1;1;0;0;1
tierra;0;1;1;0;1;0
tieso;1;0;1;0;1;0
tijera;1;0;0;0;0;1
tímido;1;0;1;0;1;0
tintar;1;0;1;0;0;1
tobillo;1;0;1;0;0;1
tobogán;0;1;0;1;0;1
tolerante;0;1;1;0;0;1
tonada;0;0;1;0;1;0
tontería;1;0;0;1;0;1
tonto;1;0;1;0;1;0
tormenta;1;0;0;1;1;0
tornar;1;0;0;1;1;0
torpe;1;0;0;1;1;0
torrar;0;1;1;0;1;0
torturar;1;0;0;1;1;0
tóxico;1;0;0;1;1;0
tragedia;1;0;0;1;1;0
traicionar;1;0;0;1;1;0
traidor;1;0;0;1;1;0
trampolín;0;1;0;1;0;1
tranquilo;0;1;1;0;0;1
traumar;1;0;0;1;1;0
travesía;0;1;0;1;0;1
travesura;0;1;0;1;0;1
triste;1;0;1;0;1;0
triunfante;0;1;0;1;0;1
triunfar;0;1;0;1;0;1
trofeo;0;1;0;1;0;1
trompeta;0;1;0;1;1;0
tumbar;1;0;1;0;1;0
tumor;1;0;0;1;1;0
turbio;1;0;1;0;1;0
úlcera;1;0;0;1;1;0
unidad;0;1;1;0;0;1
utensilio;1;0;1;0;0;1
útil;0;1;0;1;0;1
vacar;0;1;1;0;1;0
vacación;0;1;0;1;0;1
vacilar;1;0;0;1;1;0
vagina;0;0;1;0;0;1
valiente;0;1;0;1;0;1
vampiro;1;0;0;1;1;0
vándalo;1;0;0;1;1;0
vanidad;1;0;0;1;1;0
vehículo;0;1;0;1;0;1
velero;0;1;1;0;1;0
veloz;0;1;0;1;0;1
vencedor;0;1;0;1;0;1
vencer;1;0;0;1;1;0
vendar;1;0;1;0;1;0
veneno;1;0;0;1;1;0
ventaja;0;1;0;1;0;1
ventana;0;1;1;0;0;1
verdad;0;1;0;1;0;1
verde;0;1;1;0;0;1
vergonzoso;1;0;0;1;1;0
vertedero;1;0;1;0;1;0
vestir;0;1;0;1;0;1
viaje;0;1;0;1;0;1
víctima;1;0;0;1;1;0
victimismo;1;0;0;1;1;0
victoria;0;1;0;1;0;1
vida;0;1;0;1;0;1
vidriar;1;0;1;0;0;1
vigilante;1;0;0;1;1;0
vigoroso;0;1;0;1;0;1
venir;1;0;0;1;0;1
violación;1;0;0;1;1;0
violentar;1;0;0;1;1;0
violín;0;1;1;0;0;1
virgen;1;0;1;0;0;1
virtud;0;1;0;1;0;1
viruela;1;0;0;1;1;0
visión;0;1;0;1;0;1
vívido;0;1;0;1;0;1
vivir;0;1;0;1;0;1
volcán;1;0;0;1;1;0
vómito;1;0;0;1;1;0
yate;0;1;0;1;0;1
zafiro;0;1;0;1;0;1
zurrar;1;0;0;1;1;0
